交易ID,供应商,采购商,所属项目,产品ID,产品型号,产品全名,使用区域,单位,数量,损耗率,综合单价,总价,品牌
JX00401,中山某某有限公司,住建集采,湖南某项目,DQ00001,XX-01,强化地板,主卧,㎡,11.97,0.02,226.2753709408294,2762.6865139649626,菲林格尔
JX00402,中山某某有限公司,住建集采,湖南某项目,DQ00001,XX-01,强化地板,次卧,㎡,8.87,0.02,226.2753709408294,2047.2037910500596,菲林格尔
JX00403,中山某某有限公司,住建集采,湖南某项目,DQ00001,XX-01,强化地板,小孩房,㎡,11.85,0.02,226.2753709408294,2734.990408561805,菲林格尔
JX00404,中山某某有限公司,住建集采,湖北某项目,DS00001,,实木复合地板,卧室,m2,25.6,0.05,386.57359941102425,10391.098352168334,大自然
